<?xml version="1.0" encoding="UTF-8"?>
<window type="dialog" modality="modal">
  <coordinates>
    <top>0</top>
    <left>0</left>
    <width>1920</width>
    <height>1080</height>
  </coordinates>
  <controls>
    <!-- background and frame -->
    <control type="image">
      <width>1920</width>
      <height>1080</height>
      <texture background="true" colordiffuse="BF000000">white.png</texture>
    </control>

    <!-- dialog -->
    <control type="group">
      <centertop>50%</centertop>
      <centerleft>50%</centerleft>
      <width>1200</width>
      <height>800</height>
      <control type="image">
        <colordiffuse>bf4f83cc</colordiffuse>
        <texture>white.png</texture>
      </control>
      <control type="image">
        <colordiffuse>BF141519</colordiffuse>
        <texture>white.png</texture>
        <bordersize>5</bordersize>
      </control>

      <!-- heading -->
      <control type="label" id="40">
        <top>30</top>
        <centerleft>50%</centerleft>
        <width>600</width>
        <height>30</height>
        <align>center</align>
        <textcolor>BFFFFFFF</textcolor>
        <!-- :translate=false: -->
        <label>$INFO[Window.Property(heading.name)]</label>
        <visible>!String.IsEmpty(Window.Property(heading.name))</visible>
      </control>

      <!-- main area -->
      <control type="group">
        <top>80</top>
        <centerleft>50%</centerleft>
        <width>1100</width>
        <height>590</height>
        <!-- DEBUG -->
        <!-- <control type="image"> -->
        <!--   <colordiffuse>bfcc4f83</colordiffuse> -->
        <!--   <texture>white.png</texture> -->
        <!-- </control> -->

        <!-- label 1 -->
        <control type="label" id="41">
          <top>80</top>
          <centerleft>50%</centerleft>
          <width>800</width>
          <height>30</height>
          <align>center</align>
          <textcolor>BFFFFFFF</textcolor>
          <!-- :translate=false: -->
          <label>$INFO[Window.Property(label.1.name)]</label>
          <visible>false</visible>
        </control>

        <!-- label 2 -->
        <control type="label" id="42">
          <top>80</top>
          <centerleft>50%</centerleft>
          <width>800</width>
          <height>30</height>
          <align>center</align>
          <textcolor>BFFFFFFF</textcolor>
          <!-- :translate=false: -->
          <label>$INFO[Window.Property(label.2.name)]</label>
          <visible>false</visible>
        </control>

        <!-- label 3 -->
        <control type="label" id="43">
          <top>80</top>
          <centerleft>50%</centerleft>
          <width>800</width>
          <height>30</height>
          <align>center</align>
          <textcolor>BFFFFFFF</textcolor>
          <!-- :translate=false: -->
          <label>$INFO[Window.Property(label.3.name)]</label>
          <visible>false</visible>
        </control>

        <!-- label 4 -->
        <control type="label" id="44">
          <top>80</top>
          <centerleft>50%</centerleft>
          <width>800</width>
          <height>30</height>
          <align>center</align>
          <textcolor>BFFFFFFF</textcolor>
          <!-- :translate=false: -->
          <label>$INFO[Window.Property(label.4.name)]</label>
          <visible>false</visible>
        </control>

        <!-- label 5 -->
        <control type="label" id="45">
          <top>80</top>
          <centerleft>50%</centerleft>
          <width>800</width>
          <height>30</height>
          <align>center</align>
          <textcolor>BFFFFFFF</textcolor>
          <!-- :translate=false: -->
          <label>$INFO[Window.Property(label.5.name)]</label>
          <visible>false</visible>
        </control>

        <!-- textbox 1 -->
        <control type="textbox" id="51">
          <top>80</top>
          <centerleft>50%</centerleft>
          <width>600</width>
          <height>300</height>
          <align>left</align>
          <textcolor>BFFFFFFF</textcolor>
          <!-- :translate=false: -->
          <description>$INFO[Window.Property(textbox.1.name)]</description>
          <!-- :translate=false: -->
          <label>$INFO[Window.Property(textbox.1.text)]</label>
          <visible>false</visible>
        </control>

        <!-- image 1 -->
        <control type="image" id="91">
          <top>50</top>
          <centerleft>50%</centerleft>
          <width>500</width>
          <height>500</height>
          <align>center</align>
          <textcolor>BFFFFFFF</textcolor>
          <!-- :translate=false: -->
          <description>$INFO[Window.Property(image.1.name)]</description>
          <texture>$INFO[Window.Property(image.1.url)]</texture>
          <visible>false</visible>
        </control>

      </control>

      <!-- buttons -->
      <control type="group" id="30">
        <bottom>20</bottom>
        <centerleft>50%</centerleft>
        <width>1100</width>
        <height>90</height>
        <!-- DEBUG -->
        <!-- <control type="image"> -->
        <!--   <colordiffuse>bf4fcc83</colordiffuse> -->
        <!--   <texture>white.png</texture> -->
        <!-- </control> -->
        <!-- button 1 -->
        <control type="button" id="31">
          <texturenofocus border="6">dialogs/button-nofocus.png</texturenofocus>
          <texturefocus border="6">dialogs/button-focus.png</texturefocus>
          <align>center</align>
          <font>font10</font>
          <textcolor>B3FFFFFF</textcolor>
          <!-- :translate=false: -->
          <label>$INFO[Window.Property(button.1.name)]</label>
          <width>250</width>
          <height>70</height>
          <visible>false</visible>
        </control>
        <!-- button 2 -->
        <control type="button" id="32">
          <texturenofocus border="6">dialogs/button-nofocus.png</texturenofocus>
          <texturefocus border="6">dialogs/button-focus.png</texturefocus>
          <align>center</align>
          <font>font10</font>
          <textcolor>B3FFFFFF</textcolor>
          <!-- :translate=false: -->
          <label>$INFO[Window.Property(button.2.name)]</label>
          <width>250</width>
          <height>70</height>
          <visible>false</visible>
        </control>
        <!-- button 3 -->
        <control type="button" id="33">
          <texturenofocus border="6">dialogs/button-nofocus.png</texturenofocus>
          <texturefocus border="6">dialogs/button-focus.png</texturefocus>
          <align>center</align>
          <font>font10</font>
          <textcolor>B3FFFFFF</textcolor>
          <!-- :translate=false: -->
          <label>$INFO[Window.Property(button.3.name)]</label>
          <width>250</width>
          <height>70</height>
          <visible>false</visible>
        </control>
        <!-- button 4 -->
        <control type="button" id="34">
          <texturenofocus border="6">dialogs/button-nofocus.png</texturenofocus>
          <texturefocus border="6">dialogs/button-focus.png</texturefocus>
          <align>center</align>
          <font>font10</font>
          <textcolor>B3FFFFFF</textcolor>
          <!-- :translate=false: -->
          <label>$INFO[Window.Property(button.4.name)]</label>
          <width>250</width>
          <height>70</height>
          <visible>false</visible>
        </control>
        <!-- button 5 -->
        <control type="button" id="35">
          <texturenofocus border="6">dialogs/button-nofocus.png</texturenofocus>
          <texturefocus border="6">dialogs/button-focus.png</texturefocus>
          <align>center</align>
          <font>font10</font>
          <textcolor>B3FFFFFF</textcolor>
          <!-- :translate=false: -->
          <label>$INFO[Window.Property(button.5.name)]</label>
          <width>250</width>
          <height>70</height>
          <visible>false</visible>
        </control>
        <!-- button 6 -->
        <control type="button" id="36">
          <texturenofocus border="6">dialogs/button-nofocus.png</texturenofocus>
          <texturefocus border="6">dialogs/button-focus.png</texturefocus>
          <align>center</align>
          <font>font10</font>
          <textcolor>B3FFFFFF</textcolor>
          <!-- :translate=false: -->
          <label>$INFO[Window.Property(button.6.name)]</label>
          <width>250</width>
          <height>70</height>
          <visible>false</visible>
        </control>
        <!-- button 7 -->
        <control type="button" id="37">
          <texturenofocus border="6">dialogs/button-nofocus.png</texturenofocus>
          <texturefocus border="6">dialogs/button-focus.png</texturefocus>
          <align>center</align>
          <font>font10</font>
          <textcolor>B3FFFFFF</textcolor>
          <!-- :translate=false: -->
          <label>$INFO[Window.Property(button.7.name)]</label>
          <width>250</width>
          <height>70</height>
          <visible>false</visible>
        </control>
        <!-- button 8 -->
        <control type="button" id="38">
          <texturenofocus border="6">dialogs/button-nofocus.png</texturenofocus>
          <texturefocus border="6">dialogs/button-focus.png</texturefocus>
          <align>center</align>
          <font>font10</font>
          <textcolor>B3FFFFFF</textcolor>
          <!-- :translate=false: -->
          <label>$INFO[Window.Property(button.8.name)]</label>
          <width>250</width>
          <height>70</height>
          <visible>false</visible>
        </control>
        <!-- button 9 -->
        <control type="button" id="39">
          <texturenofocus border="6">dialogs/button-nofocus.png</texturenofocus>
          <texturefocus border="6">dialogs/button-focus.png</texturefocus>
          <align>center</align>
          <font>font10</font>
          <textcolor>B3FFFFFF</textcolor>
          <!-- :translate=false: -->
          <label>$INFO[Window.Property(button.9.name)]</label>
          <width>250</width>
          <height>70</height>
          <visible>false</visible>
        </control>
      </control>

    </control>
  </controls>
</window><!--
vim:ts=2:sts=2:sw=2
-->