<?xml version="1.0" encoding="UTF-8"?>
<window>
  <coordinates>
    <top>0</top>
    <left>0</left>
    <width>1920</width>
    <height>1080</height>
  </coordinates>

  <defaultcontrol>5000</defaultcontrol>
  <menucontrol>5009</menucontrol>

  <controls>
    <control type="image">
      <width>1920</width>
      <height>1080</height>
      <texture border="10" background="true" colordiffuse="FF000000">white.png</texture>
    </control>
    <control type="image">
      <width>1920</width>
      <height>1080</height>
      <texture background="true" colordiffuse="33FFFFFF">$INFO[Window.Property(item.art.fanart)]</texture>
    </control>

    <!-- left panel (hidden) -->
    <control type="group" id="5010">
    <!-- <control type="panel" id=5009> -->
      <visible>false</visible>
      <top>0</top>
      <left>0</left>
      <width>10</width>
      <bottom>0</bottom>
      <!-- <visible>!String.IsEqual(Window.Property(panel.visible),true)</visible> -->
      <!-- <itemlayout height="1080" width="20"> -->
      <control type="button" id="5011">
        <onright>5000</onright>
        <!-- <texture colordiffuse="FF0E597E">white.png</texture> -->
        <texturefocus colordiffuse="00000000">white.png</texturefocus>
        <texturenofocus colordiffuse="FF315161">white.png</texturenofocus>
      </control>
      <control type="image">
        <left>9</left>
        <width>2</width>
        <texture colordiffuse="FF4A819B">white.png</texture>
      </control>
      <!-- </itemlayout> -->
    </control>

    <!-- main container -->
    <control type="group">
      <top>30</top>
      <left>20</left>
      <right>50</right>
      <bottom>30</bottom>

      <!-- source list -->
      <control type="label" id="5001">
        <top>60</top>
        <height>930</height>
        <left>50</left>
        <right>450</right>
        <align>center</align>
        <aligny>center</aligny>
        <label>$ADDON[plugin.video.fanfilm3 30256]</label>
      </control>
      <control id="5000" type="fixedlist">
        <top>60</top>
        <height>930</height>
        <movement>3</movement>
        <focusposition>3</focusposition>
        <onright>5005</onright>
        <onleft>5011</onleft>
        <width>1460</width>
        <itemlayout height="116" width="1460">
          <control type="image">
            <colordiffuse>$INFO[ListItem.Property(item.colored)]</colordiffuse>
            <texture>dialogs/list-unfocus.png</texture>
            <bordersize>6</bordersize>
            <visible>!String.IsEmpty(ListItem.Property(item.colored))</visible>
          </control>
          <control type="image">
            <colordiffuse>$INFO[Window.Property(item.colored.default)]</colordiffuse>
            <texture>dialogs/list-unfocus.png</texture>
            <bordersize>6</bordersize>
            <visible>String.IsEmpty(ListItem.Property(item.colored))</visible>
          </control>
          <control type="label">
            <left>6</left>
            <aligny>center</aligny>
            <align>center</align>
            <height>116</height>
            <width>270</width>
            <font>font27</font>
            <textcolor>B3FFFFFF</textcolor>
            <!-- :translate=false: -->
            <label>$INFO[ListItem.Property(item.quality), [COLOR ffffffff][UPPERCASE][B],[/B][/UPPERCASE][/COLOR]]$INFO[ListItem.Property(item.provider), [UPPERCASE][B],[/B][/UPPERCASE]][CR]$INFO[ListItem.Property(item.on_account_expires), (,)]</label>
          </control>
          <control type="group">
            <left>300</left>
            <width>1140</width>
            <control type="label">
              <top>20</top>
              <aligny>top</aligny>
              <font>font10</font>
              <textcolor>B3FFFFFF</textcolor>
              <scrollspeed>50</scrollspeed>
              <!-- :translate=false: -->
              <label>$INFO[ListItem.Property(item.language), [UPPERCASE][B][COLOR ffffffff],[/COLOR][/B][/UPPERCASE] |]$INFO[ListItem.Property(item.info2), [UPPERCASE][B],[/B][/UPPERCASE]]$INFO[ListItem.Property(item.info), [UPPERCASE][B],[/B][/UPPERCASE]]</label>
            </control>
            <control type="label">
              <top>60</top>
              <aligny>top</aligny>
              <font>font10</font>
              <textcolor>B3FFFFFF</textcolor>
              <!-- :translate=false: -->
              <label>$INFO[ListItem.Property(item.source),[B][UPPERCASE][COLOR ffffffff],[/COLOR][/UPPERCASE][/B]]$INFO[ListItem.Property(item.id),[LIGHT]: ,[/LIGHT]]</label>
            </control>
            <control type="image">
              <left>1050</left>
              <top>15</top>
              <aligny>center</aligny>
              <height>85</height>
              <width>85</width>
              <!-- :translate=false: -->
              <texture>$INFO[ListItem.Property(item.icon)]</texture>
              <visible>!String.IsEmpty(ListItem.Property(item.icon))</visible>
            </control>
          </control>
        </itemlayout>

        <focusedlayout height="116" width="1460">
          <control type="image">
            <colordiffuse>$INFO[ListItem.Property(item.colored)]</colordiffuse>
            <texture>dialogs/list-focus.png</texture>
            <bordersize>6</bordersize>
            <visible>!String.IsEmpty(ListItem.Property(item.colored))</visible>
          </control>
          <control type="image">
            <colordiffuse>$INFO[Window.Property(item.colored.default)]</colordiffuse>
            <texture>dialogs/list-focus.png</texture>
            <bordersize>6</bordersize>
            <visible>String.IsEmpty(ListItem.Property(item.colored))</visible>
          </control>
          <control type="label">
            <left>6</left>
            <aligny>center</aligny>
            <align>center</align>
            <height>116</height>
            <width>270</width>
            <font>font27</font>
            <textcolor>B3FFFFFF</textcolor>
            <!-- :translate=false: -->
            <label>$INFO[ListItem.Property(item.quality), [COLOR ffffffff][UPPERCASE][B],[/B][/UPPERCASE][/COLOR]]$INFO[ListItem.Property(item.provider), [UPPERCASE][B],[/B][/UPPERCASE]][CR]$INFO[ListItem.Property(item.on_account_expires), (,)]</label>
          </control>
          <control type="group">
            <left>300</left>
            <width>1140</width>
            <control type="label">
              <top>20</top>
              <aligny>top</aligny>
              <font>font10</font>
              <textcolor>B3FFFFFF</textcolor>
              <scrollspeed>50</scrollspeed>
              <!-- :translate=false: -->
              <label>$INFO[ListItem.Property(item.language), [UPPERCASE][B][COLOR ffffffff],[/COLOR][/B][/UPPERCASE] |]$INFO[ListItem.Property(item.info2), [UPPERCASE][B],[/B][/UPPERCASE]]$INFO[ListItem.Property(item.info), [UPPERCASE][B],[/B][/UPPERCASE]]</label>
            </control>
            <control type="label">
              <top>60</top>
              <aligny>top</aligny>
              <scrollspeed>50</scrollspeed>
              <font>font10</font>
              <textcolor>B3FFFFFF</textcolor>
              <!-- :translate=false: -->
              <label>$INFO[ListItem.Property(item.source),[B][UPPERCASE][COLOR ffffffff],[/COLOR][/UPPERCASE][/B]]$INFO[ListItem.Property(item.id),[LIGHT]: ,[/LIGHT]]</label>
            </control>
            <control type="image">
              <left>1050</left>
                <top>15</top>
                <aligny>center</aligny>
                <height>85</height>
                <width>85</width>
                <!-- :translate=false: -->
                <texture>$INFO[ListItem.Property(item.icon)]</texture>
                <visible>!String.IsEmpty(ListItem.Property(item.icon))</visible>
            </control>
          </control>
        </focusedlayout>
      </control>

      <!-- title -->
      <control type="group">
        <control type="label">
          <aligny>top</aligny>
          <align>center</align>
          <textcolor>B3FFFFFF</textcolor>
          <font>font37</font>
          <!-- :translate=false: -->
          <label>$INFO[Window.Property(item.tvshowtitle), [B], [/B]]$INFO[Window.Property(item.year), [B](,) [/B] - ]$INFO[Window.Property(item.title), [B], [/B]]$INFO[Window.Property(item.season), [B](s0,[/B]]$INFO[Window.Property(item.episode), [B]e,)[/B]]</label>
          <visible>!String.IsEmpty(Window.Property(item.tvshowtitle)) + Integer.IsLess(Window.Property(item.season),10) + !Integer.IsLess(Window.Property(item.episode),10)</visible>
        </control>
        <control type="label">
          <aligny>top</aligny>
          <align>center</align>
          <textcolor>B3FFFFFF</textcolor>
          <font>font37</font>
          <!-- :translate=false: -->
          <label>$INFO[Window.Property(item.tvshowtitle), [B], [/B]]$INFO[Window.Property(item.year), [B](,) [/B] - ]$INFO[Window.Property(item.title), [B], [/B]]$INFO[Window.Property(item.season), [B](s0,[/B]]$INFO[Window.Property(item.episode), [B]e0,)[/B]]</label>
          <visible>!String.IsEmpty(Window.Property(item.tvshowtitle)) + Integer.IsLess(Window.Property(item.season),10) + Integer.IsLess(Window.Property(item.episode),10)</visible>
        </control>
        <control type="label">
          <aligny>top</aligny>
          <align>center</align>
          <textcolor>B3FFFFFF</textcolor>
          <font>font37</font>
          <!-- :translate=false: -->
          <label>$INFO[Window.Property(item.tvshowtitle), [B], [/B]]$INFO[Window.Property(item.year), [B](,) [/B] - ]$INFO[Window.Property(item.title), [B], [/B]]$INFO[Window.Property(item.season), [B](s,[/B]]$INFO[Window.Property(item.episode), [B]e,)[/B]]</label>
          <visible>!String.IsEmpty(Window.Property(item.tvshowtitle)) + !Integer.IsLess(Window.Property(item.season),10) + !Integer.IsLess(Window.Property(item.episode),10)</visible>
        </control>
        <control type="label">
          <aligny>top</aligny>
          <align>center</align>
          <textcolor>B3FFFFFF</textcolor>
          <font>font37</font>
          <!-- :translate=false: -->
          <label>$INFO[Window.Property(item.tvshowtitle), [B], [/B]]$INFO[Window.Property(item.year), [B](,) [/B] - ]$INFO[Window.Property(item.title), [B], [/B]]$INFO[Window.Property(item.season), [B](s,[/B]]$INFO[Window.Property(item.episode), [B]e0,)[/B]]</label>
          <visible>!String.IsEmpty(Window.Property(item.tvshowtitle)) + !Integer.IsLess(Window.Property(item.season),10) + Integer.IsLess(Window.Property(item.episode),10)</visible>
        </control>
        <control type="label">
          <aligny>top</aligny>
          <align>center</align>
          <textcolor>B3FFFFFF</textcolor>
          <font>font37</font>
          <!-- :translate=false: -->
          <label>$INFO[Window.Property(item.title), [B], [/B]]$INFO[Window.Property(item.year), [B](,) [/B]]</label>
          <visible>String.IsEmpty(Window.Property(item.tvshowtitle))</visible>
        </control>
        
        <!-- right panel -->
        <control type="group">
          <right>0</right>
          <width>460</width>
          <left>1450</left>
          <control type="image">
            <width>450</width>
            <height>600</height>
            <top>30</top>
            <bottom>310</bottom>
            <aspectratio>keep</aspectratio>
            <texture border="6" diffuse="diffuse/poster.png">$INFO[Window.Property(item.art.poster)]</texture>
            <bordertexture border="6">diffuse/poster-border.png</bordertexture>
            <bordersize>31</bordersize>
          </control>
          <control type="grouplist">
            <top>640</top>
            <orientation>vertical</orientation>
            <itemgap>35</itemgap>
            <control type="label">
              <align>center</align>
              <textcolor>B3FFFFFF</textcolor>
              <font>font10</font>
              <height>25</height>
              <label>$ADDON[plugin.video.fanfilm3 30111]</label>
            </control>
            <control type="label">
              <align>center</align>
              <textcolor>B3FFFFFF</textcolor>
              <font>font10</font>
              <height>25</height>
              <label>$ADDON[plugin.video.fanfilm3 30112]</label>
            </control>
            <control type="label">
              <align>center</align>
              <textcolor>$INFO[Window(10000).Property(fanfilm.sources_dialog.info.index.color)]</textcolor>
              <font>font10</font>
              <height>25</height>
              <label>$ADDON[plugin.video.fanfilm3 30113]</label>
            </control>
          </control>
          <control type="button" id="5006">
            <visible>String.IsEqual(Window.Property(sources.edit_button),true)</visible>
            <texturenofocus border="6">dialogs/button-nofocus.png</texturenofocus>
            <texturefocus border="6">dialogs/button-focus.png</texturefocus>
            <align>center</align>
            <font>font10</font>
            <textcolor>B3FFFFFF</textcolor>
            <colordiffuse/>
            <label>$ADDON[plugin.video.fanfilm3 30207]</label>
            <onleft>5000</onleft>
            <ondown>5005</ondown>
            <width>350</width>
            <height>70</height>
            <top>820</top>
            <left>50</left>
          </control>
          <control type="button" id="5005">
            <texturenofocus border="6">dialogs/button-nofocus.png</texturenofocus>
            <texturefocus border="6">dialogs/button-focus.png</texturefocus>
            <align>center</align>
            <font>font10</font>
            <textcolor>B3FFFFFF</textcolor>
            <colordiffuse/>
            <label>$ADDON[plugin.video.fanfilm3 30114]</label>
            <onleft>5000</onleft>
            <onup>5006</onup>
            <width>350</width>
            <height>70</height>
            <top>910</top>
            <left>50</left>
          </control>
        </control>
      </control>
    </control>
  </controls>
</window><!--
 vim:sw=2:ts=2:sts=2:
-->