<?xml version="1.0" encoding="UTF-8"?>
<window type="dialog" modality="modal">
  <coordinates>
    <top>0</top>
    <left>0</left>
    <width>1920</width>
    <height>1080</height>
  </coordinates>
  <controls>
    <control type="image">
      <width>1920</width>
      <height>1080</height>
      <texture background="true" colordiffuse="BF000000">white.png</texture>
    </control>
    <control type="group">
      <centertop>50%</centertop>
      <centerleft>50%</centerleft>
      <top/>
      <left/>
      <width>1000</width>
      <height>480</height>

      <control type="image">
        <colordiffuse>D9202E39</colordiffuse>
        <texture border="10">white.png</texture>
      </control>

      <control type="image">
        <colordiffuse>D9141519</colordiffuse>
        <texture border="10">white.png</texture>
        <bordersize>4</bordersize>
      </control>

      <control type="image">
        <top>50</top>
        <left>30</left>
        <width>350</width>
        <height>380</height>
        <texture>$INFO[Window.Property(icon.path)]</texture>
        <visible>!String.IsEmpty(Window.Property(icon.path))</visible>
      </control>

      <control type="group">
        <centertop>50%</centertop>
        <top/>
        <left>400</left>
        <width>600</width>
        <height>300</height>

        <control type="label">
          <width>600</width>
          <height>30</height>
          <align>center</align>
          <textcolor>BFFFFFFF</textcolor>
          <label>$ADDON[plugin.video.fanfilm3 30117]</label>
        </control>

        <control type="label">
          <top>80</top>
          <width>600</width>
          <height>30</height>
          <align>center</align>
          <textcolor>BFFFFFFF</textcolor>
          <!-- :translate=false: -->
          <label>$INFO[Window.Property(link)]</label>
        </control>
        <control type="label">
          <top>120</top>
          <width>600</width>
          <height>30</height>
          <align>center</align>
          <textcolor>BFFFFFFF</textcolor>
          <label>$ADDON[plugin.video.fanfilm3 30119]</label>
        </control>

        <control type="label">
          <top>200</top>
          <width>600</width>
          <height>30</height>
          <align>center</align>
          <font>font30_title</font>
          <!-- <textcolor>BFcc4f4f</textcolor> -->
          <!-- :translate=false: -->
          <label>[B]$INFO[Window.Property(code)][/B]</label>
        </control>
      </control>

      <control type="image" id="21">
        <colordiffuse>ff000000</colordiffuse>
        <top>350</top>
        <left>450</left>
        <width>500</width>
        <height>5</height>
        <texture>white.png</texture>
        <visible>!String.IsEmpty(Window.Property(progress.enabled))</visible>
      </control>

      <control type="image" id="22">
        <colordiffuse>ffa30707</colordiffuse>
        <top>350</top>
        <left>450</left>
        <width>0</width>
        <height>5</height>
        <texture>white.png</texture>
        <visible>!String.IsEmpty(Window.Property(progress.enabled))</visible>
      </control>

      <control type="button" id="31">
        <texturenofocus border="6">dialogs/button-nofocus.png</texturenofocus>
        <texturefocus border="6">dialogs/button-focus.png</texturefocus>
        <colordiffuse/>
        <align>center</align>
        <font>font10</font>
        <textcolor>B3FFFFFF</textcolor>
        <label>$LOCALIZE[222]</label>
        <width>350</width>
        <height>70</height>
        <!-- <left>325</left> -->
        <left>525</left>
        <top>380</top>
      </control>

    </control>
  </controls>
</window>