<?xml version="1.0" encoding="UTF-8" standalone="yes"?>
<addon id="script.module.ptw" name="PTW Module" version="2023.13.03.241029" provider-name="PTW">
    <requires>
        <import addon="xbmc.python" version="3.0.0"/>
        <import addon="script.module.beautifulsoup4"/>
        <import addon="script.module.requests"/>
        <import addon="script.module.resolveurl"/>
        <import addon="script.module.six"/>
        <import addon="script.module.kodi-six"/>
        <import addon="script.module.pyxbmct"/>
        <import addon="script.module.future"/>
        <import addon="script.module.js2py" version="0.7.0"/>
        <import addon="plugin.video.youtube" optional="true"/>
        <import addon="script.module.kover" version="0.0.6"/>
    </requires>
    <extension point="xbmc.python.module" library="lib"/>
    <extension point="xbmc.addon.metadata">
        <platform>all</platform>
        <summary lang="en">PTW</summary>
    </extension>
</addon>
